<?xml version="1.0" encoding="UTF-8"?>
<personnel>
  <Employee type="permanent">
    <Name>Gayathiri</Name>
    <Id>14</Id>
    <Age>26</Age>
  </Employee>
    <Employee type="contract">
    <Name>Priya</Name>
    <Id>90</Id>
    <Age>29</Age>
  </Employee>
    <Employee type="permanent">
    <Name>Vinoth</Name>
    <Id>34</Id>
    <Age>25</Age>
  </Employee>
    <Employee type="permanent">
    <Name>Kabilan</Name>
    <Id>08</Id>
    <Age>25</Age>
  </Employee>

  
</personnel>
