<?xml version="1.0" encoding="UTF-8"?>
<bookstore>
  <book>
    <title>Everyday Italian</title>
    <author>Giada De Laurentiis</author>
    <year>2005</year>
  </book>
  <book>
    <title>My Dreams</title>
    <author>Gayathiri</author>
    <year>2022</year>
  </book>
  <book>
    <title>DOS Capital</title>
    <author>Karl Marx</author>
    <year>1987</year>
  </book>
  <book>
    <title>Empire Burlesque</title>
    <author>Bob Dylan</author>
    <year>1998</year>
  </book>

  
</bookstore>
