<?xml version="1.0" encoding="UTF-8"?>
<?xml-stylesheet type="text/xsl" href="style.xsl"?>

  <catalog>
  <cd>
    <studentname>Gayathiri Kandhavel</studentname>
    <rollno>2027MCA0014</rollno>
    <degree>MCA</degree>
    <semester>4</semester>
    <mobile>7709899909</mobile>    
  </cd>
    <cd>
    <studentname>Priyadharshini Kandhavel</studentname>
    <rollno>2027MCA0015</rollno>
    <degree>ME</degree>
    <semester>6</semester>
    <mobile>9978098898</mobile>    
  </cd>
    <cd>
    <studentname>Iraiyanbu</studentname>
    <rollno>2027MCA0013</rollno>
    <degree>MSC</degree>
    <semester>5</semester>
    <mobile>9087699909</mobile>    
  </cd>
    <cd>
    <studentname>Balakumaran</studentname>
    <rollno>2027MCA0017</rollno>
    <degree>Bsc</degree>
    <semester>4</semester>
    <mobile>7545899909</mobile>    
  </cd>
    <cd>
    <studentname>Chudamani</studentname>
    <rollno>2027MCA0020</rollno>
    <degree>MPhil</degree>
    <semester>2</semester>
    <mobile>8809899909</mobile>    
  </cd>

   <cd>
    <studentname>Kalki</studentname>
    <rollno>2027MCA0019</rollno>
    <degree>Bsc</degree>
    <semester>4</semester>
    <mobile>6645899909</mobile>    
  </cd>
    <cd>
    <studentname>Jayakandhan</studentname>
    <rollno>2027MCA0021</rollno>
    <degree>MPhil</degree>
    <semester>2</semester>
    <mobile>4409899909</mobile>    
  </cd>  
</catalog>
